{
  "__inputs": [
    {
      "name": "DS_PROMETHEUS",
      "label": "Prometheus",
      "description": "",
      "type": "datasource",
      "pluginId": "prometheus",
      "pluginName": "Prometheus"
    }
  ],
  "__requires": [
    {
      "type": "grafana",
      "id": "grafana",
      "name": "Grafana",
      "version": "5.2.3"
    },
    {
      "type": "panel",
      "id": "graph",
      "name": "Graph",
      "version": "5.0.0"
    },
    {
      "type": "datasource",
      "id": "prometheus",
      "name": "Prometheus",
      "version": "5.0.0"
    },
    {
      "type": "panel",
      "id": "text",
      "name": "Text",
      "version": "5.0.0"
    }
  ],
  "annotations": {
    "list": [
      {
        "builtIn": 1,
        "datasource": "-- Grafana --",
        "enable": true,
        "hide": true,
        "iconColor": "rgba(0, 211, 255, 1)",
        "limit": 100,
        "name": "Annotations & Alerts",
        "showIn": 0,
        "type": "dashboard"
      }
    ]
  },
  "editable": false,
  "gnetId": null,
  "graphTooltip": 1,
  "id": null,
  "iteration": 1543881232533,
  "links": [],
  "panels": [
    {
      "content": "<center><h2>Deployed Versions</h2></center>",
      "gridPos": {
        "h": 3,
        "w": 24,
        "x": 0,
        "y": 0
      },
      "height": "40",
      "id": 62,
      "links": [],
      "mode": "html",
      "title": "",
      "transparent": true,
      "type": "text"
    },
    {
      "aliasColors": {},
      "bars": false,
      "dashLength": 10,
      "dashes": false,
      "datasource": "Prometheus",
      "fill": 1,
      "gridPos": {
        "h": 5,
        "w": 24,
        "x": 0,
        "y": 3
      },
      "id": 64,
      "legend": {
        "avg": false,
        "current": false,
        "max": false,
        "min": false,
        "show": true,
        "total": false,
        "values": false
      },
      "lines": true,
      "linewidth": 1,
      "links": [],
      "nullPointMode": "null",
      "percentage": false,
      "pointradius": 5,
      "points": false,
      "renderer": "flot",
      "seriesOverrides": [],
      "spaceLength": 10,
      "stack": false,
      "steppedLine": false,
      "targets": [
        {
          "expr": "sum(istio_build{component=\"mixer\"}) by (tag)",
          "format": "time_series",
          "intervalFactor": 1,
          "legendFormat": "{{ tag }}",
          "refId": "A"
        }
      ],
      "thresholds": [],
      "timeFrom": null,
      "timeShift": null,
      "title": "Mixer Versions",
      "tooltip": {
        "shared": true,
        "sort": 0,
        "value_type": "individual"
      },
      "type": "graph",
      "xaxis": {
        "buckets": null,
        "mode": "time",
        "name": null,
        "show": true,
        "values": []
      },
      "yaxes": [
        {
          "format": "short",
          "label": null,
          "logBase": 1,
          "max": null,
          "min": null,
          "show": true
        },
        {
          "format": "short",
          "label": null,
          "logBase": 1,
          "max": null,
          "min": null,
          "show": false
        }
      ],
      "yaxis": {
        "align": false,
        "alignLevel": null
      }
    },
    {
      "content": "<center><h2>Resource Usage</h2></center>",
      "gridPos": {
        "h": 3,
        "w": 24,
        "x": 0,
        "y": 8
      },
      "height": "40",
      "id": 29,
      "links": [],
      "mode": "html",
      "title": "",
      "transparent": true,
      "type": "text"
    },
    {
      "aliasColors": {},
      "bars": false,
      "dashLength": 10,
      "dashes": false,
      "datasource": "Prometheus",
      "fill": 1,
      "gridPos": {
        "h": 7,
        "w": 6,
        "x": 0,
        "y": 11
      },
      "id": 5,
      "legend": {
        "avg": false,
        "current": false,
        "max": false,
        "min": false,
        "show": true,
        "total": false,
        "values": false
      },
      "lines": true,
      "linewidth": 1,
      "links": [],
      "nullPointMode": "null",
      "percentage": false,
      "pointradius": 5,
      "points": false,
      "renderer": "flot",
      "seriesOverrides": [],
      "spaceLength": 10,
      "stack": false,
      "steppedLine": false,
      "targets": [
        {
          "expr": "sum(process_virtual_memory_bytes{job=~\"istio-telemetry|istio-policy\"}) by (job)",
          "format": "time_series",
          "instant": false,
          "intervalFactor": 2,
          "legendFormat": "Virtual Memory ({{ job }})",
          "refId": "I"
        },
        {
          "expr": "sum(process_resident_memory_bytes{job=~\"istio-telemetry|istio-policy\"}) by (job)",
          "format": "time_series",
          "intervalFactor": 2,
          "legendFormat": "Resident Memory ({{ job }})",
          "refId": "H"
        },
        {
          "expr": "sum(go_memstats_heap_sys_bytes{job=~\"istio-telemetry|istio-policy\"}) by (job)",
          "format": "time_series",
          "hide": true,
          "intervalFactor": 2,
          "legendFormat": "heap sys ({{ job }})",
          "refId": "A"
        },
        {
          "expr": "sum(go_memstats_heap_alloc_bytes{job=~\"istio-telemetry|istio-policy\"}) by (job)",
          "format": "time_series",
          "hide": true,
          "intervalFactor": 2,
          "legendFormat": "heap alloc ({{ job }})",
          "refId": "D"
        },
        {
          "expr": "sum(go_memstats_alloc_bytes{job=~\"istio-telemetry|istio-policy\"}) by (job)",
          "format": "time_series",
          "intervalFactor": 2,
          "legendFormat": "Alloc ({{ job }})",
          "refId": "F"
        },
        {
          "expr": "sum(go_memstats_heap_inuse_bytes{job=~\"istio-telemetry|istio-policy\"}) by (job)",
          "format": "time_series",
          "hide": false,
          "intervalFactor": 2,
          "legendFormat": "Heap in-use ({{ job }})",
          "refId": "E"
        },
        {
          "expr": "sum(go_memstats_stack_inuse_bytes{job=~\"istio-telemetry|istio-policy\"}) by (job)",
          "format": "time_series",
          "intervalFactor": 2,
          "legendFormat": "Stack in-use ({{ job }})",
          "refId": "G"
        },
        {
          "expr": "sum(label_replace(container_memory_usage_bytes{job=\"kubernetes-cadvisor\", container_name=~\"mixer|istio-proxy\", pod_name=~\"istio-telemetry-.*|istio-policy-.*\"}, \"service\", \"$1\" , \"pod_name\", \"(istio-telemetry|istio-policy)-.*\")) by (service)",
          "format": "time_series",
          "hide": false,
          "intervalFactor": 2,
          "legendFormat": "{{ service }} total (k8s)",
          "refId": "C"
        },
        {
          "expr": "sum(label_replace(container_memory_usage_bytes{job=\"kubernetes-cadvisor\", container_name=~\"mixer|istio-proxy\", pod_name=~\"istio-telemetry-.*|istio-policy-.*\"}, \"service\", \"$1\" , \"pod_name\", \"(istio-telemetry|istio-policy)-.*\")) by (container_name, service)",
          "format": "time_series",
          "hide": false,
          "intervalFactor": 2,
          "legendFormat": "{{ service }} - {{ container_name }} (k8s)",
          "refId": "B"
        }
      ],
      "thresholds": [],
      "timeFrom": null,
      "timeShift": null,
      "title": "Memory",
      "tooltip": {
        "shared": true,
        "sort": 0,
        "value_type": "individual"
      },
      "type": "graph",
      "xaxis": {
        "buckets": null,
        "mode": "time",
        "name": null,
        "show": true,
        "values": []
      },
      "yaxes": [
        {
          "format": "bytes",
          "label": null,
          "logBase": 1,
          "max": null,
          "min": null,
          "show": true
        },
        {
          "format": "short",
          "label": null,
          "logBase": 1,
          "max": null,
          "min": null,
          "show": false
        }
      ],
      "yaxis": {
        "align": false,
        "alignLevel": null
      }
    },
    {
      "aliasColors": {},
      "bars": false,
      "dashLength": 10,
      "dashes": false,
      "datasource": "Prometheus",
      "fill": 1,
      "gridPos": {
        "h": 7,
        "w": 6,
        "x": 6,
        "y": 11
      },
      "id": 6,
      "legend": {
        "avg": false,
        "current": false,
        "max": false,
        "min": false,
        "show": true,
        "total": false,
        "values": false
      },
      "lines": true,
      "linewidth": 1,
      "links": [],
      "nullPointMode": "null",
      "percentage": false,
      "pointradius": 5,
      "points": false,
      "renderer": "flot",
      "seriesOverrides": [],
      "spaceLength": 10,
      "stack": false,
      "steppedLine": false,
      "targets": [
        {
          "expr": "label_replace(sum(rate(container_cpu_usage_seconds_total{job=\"kubernetes-cadvisor\",container_name=~\"mixer|istio-proxy\", pod_name=~\"istio-telemetry-.*|istio-policy-.*\"}[1m])) by (pod_name), \"service\", \"$1\" , \"pod_name\", \"(istio-telemetry|istio-policy)-.*\")",
          "format": "time_series",
          "hide": false,
          "intervalFactor": 2,
          "legendFormat": "{{ service }} total (k8s)",
          "refId": "A"
        },
        {
          "expr": "label_replace(sum(rate(container_cpu_usage_seconds_total{job=\"kubernetes-cadvisor\",container_name=~\"mixer|istio-proxy\", pod_name=~\"istio-telemetry-.*|istio-policy-.*\"}[1m])) by (container_name, pod_name), \"service\", \"$1\" , \"pod_name\", \"(istio-telemetry|istio-policy)-.*\")",
          "format": "time_series",
          "hide": false,
          "intervalFactor": 2,
          "legendFormat": "{{ service }} - {{ container_name }} (k8s)",
          "refId": "B"
        },
        {
          "expr": "sum(irate(process_cpu_seconds_total{job=~\"istio-telemetry|istio-policy\"}[1m])) by (job)",
          "format": "time_series",
          "hide": false,
          "intervalFactor": 2,
          "legendFormat": "{{ job }} (self-reported)",
          "refId": "C"
        }
      ],
      "thresholds": [],
      "timeFrom": null,
      "timeShift": null,
      "title": "CPU",
      "tooltip": {
        "shared": true,
        "sort": 0,
        "value_type": "individual"
      },
      "type": "graph",
      "xaxis": {
        "buckets": null,
        "mode": "time",
        "name": null,
        "show": true,
        "values": []
      },
      "yaxes": [
        {
          "format": "short",
          "label": null,
          "logBase": 1,
          "max": null,
          "min": null,
          "show": true
        },
        {
          "format": "short",
          "label": null,
          "logBase": 1,
          "max": null,
          "min": null,
          "show": true
        }
      ],
      "yaxis": {
        "align": false,
        "alignLevel": null
      }
    },
    {
      "aliasColors": {},
      "bars": false,
      "dashLength": 10,
      "dashes": false,
      "datasource": "Prometheus",
      "fill": 1,
      "gridPos": {
        "h": 7,
        "w": 6,
        "x": 12,
        "y": 11
      },
      "id": 7,
      "legend": {
        "avg": false,
        "current": false,
        "max": false,
        "min": false,
        "show": true,
        "total": false,
        "values": false
      },
      "lines": true,
      "linewidth": 1,
      "links": [],
      "nullPointMode": "null",
      "percentage": false,
      "pointradius": 5,
      "points": false,
      "renderer": "flot",
      "seriesOverrides": [],
      "spaceLength": 10,
      "stack": false,
      "steppedLine": false,
      "targets": [
        {
          "expr": "sum(process_open_fds{job=~\"istio-telemetry|istio-policy\"}) by (job)",
          "format": "time_series",
          "hide": true,
          "instant": false,
          "interval": "",
          "intervalFactor": 2,
          "legendFormat": "Open FDs ({{ job }})",
          "refId": "A"
        },
        {
          "expr": "sum(label_replace(container_fs_usage_bytes{job=\"kubernetes-cadvisor\", container_name=~\"mixer|istio-proxy\", pod_name=~\"istio-telemetry-.*|istio-policy-.*\"}, \"service\", \"$1\" , \"pod_name\", \"(istio-telemetry|istio-policy)-.*\")) by (container_name, service)",
          "format": "time_series",
          "intervalFactor": 2,
          "legendFormat": "{{ service }} - {{ container_name }}",
          "refId": "B"
        }
      ],
      "thresholds": [],
      "timeFrom": null,
      "timeShift": null,
      "title": "Disk",
      "tooltip": {
        "shared": true,
        "sort": 0,
        "value_type": "individual"
      },
      "type": "graph",
      "xaxis": {
        "buckets": null,
        "mode": "time",
        "name": null,
        "show": true,
        "values": []
      },
      "yaxes": [
        {
          "format": "bytes",
          "label": "",
          "logBase": 1,
          "max": null,
          "min": null,
          "show": true
        },
        {
          "decimals": null,
          "format": "none",
          "label": "",
          "logBase": 1024,
          "max": null,
          "min": null,
          "show": false
        }
      ],
      "yaxis": {
        "align": false,
        "alignLevel": null
      }
    },
    {
      "aliasColors": {},
      "bars": false,
      "dashLength": 10,
      "dashes": false,
      "datasource": "Prometheus",
      "fill": 1,
      "gridPos": {
        "h": 7,
        "w": 6,
        "x": 18,
        "y": 11
      },
      "id": 4,
      "legend": {
        "avg": false,
        "current": false,
        "max": false,
        "min": false,
        "show": false,
        "total": false,
        "values": false
      },
      "lines": true,
      "linewidth": 1,
      "links": [],
      "nullPointMode": "null",
      "percentage": false,
      "pointradius": 5,
      "points": false,
      "renderer": "flot",
      "seriesOverrides": [],
      "spaceLength": 10,
      "stack": false,
      "steppedLine": false,
      "targets": [
        {
          "expr": "sum(go_goroutines{job=~\"istio-telemetry|istio-policy\"}) by (job)",
          "format": "time_series",
          "intervalFactor": 2,
          "legendFormat": "Number of Goroutines ({{ job }})",
          "refId": "A"
        }
      ],
      "thresholds": [],
      "timeFrom": null,
      "timeShift": null,
      "title": "Goroutines",
      "tooltip": {
        "shared": true,
        "sort": 0,
        "value_type": "individual"
      },
      "type": "graph",
      "xaxis": {
        "buckets": null,
        "mode": "time",
        "name": null,
        "show": true,
        "values": []
      },
      "yaxes": [
        {
          "format": "short",
          "label": "",
          "logBase": 1,
          "max": null,
          "min": null,
          "show": true
        },
        {
          "format": "short",
          "label": null,
          "logBase": 1,
          "max": null,
          "min": null,
          "show": true
        }
      ],
      "yaxis": {
        "align": false,
        "alignLevel": null
      }
    },
    {
      "content": "<center><h2>Mixer Overview</h2></center>",
      "gridPos": {
        "h": 3,
        "w": 24,
        "x": 0,
        "y": 18
      },
      "height": "40px",
      "id": 30,
      "links": [],
      "mode": "html",
      "title": "",
      "transparent": true,
      "type": "text"
    },
    {
      "aliasColors": {},
      "bars": false,
      "dashLength": 10,
      "dashes": false,
      "datasource": "Prometheus",
      "fill": 1,
      "gridPos": {
        "h": 6,
        "w": 6,
        "x": 0,
        "y": 21
      },
      "id": 9,
      "legend": {
        "avg": false,
        "current": false,
        "max": false,
        "min": false,
        "show": true,
        "total": false,
        "values": false
      },
      "lines": true,
      "linewidth": 1,
      "links": [],
      "nullPointMode": "null",
      "percentage": false,
      "pointradius": 5,
      "points": false,
      "renderer": "flot",
      "seriesOverrides": [],
      "spaceLength": 10,
      "stack": false,
      "steppedLine": false,
      "targets": [
        {
          "expr": "sum(rate(grpc_io_server_completed_rpcs[1m]))",
          "format": "time_series",
          "hide": false,
          "intervalFactor": 2,
          "legendFormat": "mixer (Total)",
          "refId": "B"
        },
        {
          "expr": "sum(rate(grpc_io_server_completed_rpcs[1m])) by (grpc_server_method)",
          "format": "time_series",
          "intervalFactor": 2,
          "legendFormat": "mixer ({{ grpc_server_method }})",
          "refId": "C"
        }
      ],
      "thresholds": [],
      "timeFrom": null,
      "timeShift": null,
      "title": "Incoming Requests",
      "tooltip": {
        "shared": true,
        "sort": 0,
        "value_type": "individual"
      },
      "type": "graph",
      "xaxis": {
        "buckets": null,
        "mode": "time",
        "name": null,
        "show": true,
        "values": []
      },
      "yaxes": [
        {
          "format": "ops",
          "label": null,
          "logBase": 1,
          "max": null,
          "min": null,
          "show": true
        },
        {
          "format": "short",
          "label": null,
          "logBase": 1,
          "max": null,
          "min": null,
          "show": false
        }
      ],
      "yaxis": {
        "align": false,
        "alignLevel": null
      }
    },
    {
      "aliasColors": {},
      "bars": false,
      "dashLength": 10,
      "dashes": false,
      "datasource": "Prometheus",
      "fill": 1,
      "gridPos": {
        "h": 6,
        "w": 6,
        "x": 6,
        "y": 21
      },
      "id": 8,
      "legend": {
        "avg": false,
        "current": false,
        "max": false,
        "min": false,
        "show": true,
        "total": false,
        "values": false
      },
      "lines": true,
      "linewidth": 1,
      "links": [],
      "nullPointMode": "null",
      "percentage": false,
      "pointradius": 5,
      "points": false,
      "renderer": "flot",
      "seriesOverrides": [
        {
          "alias": "{}",
          "yaxis": 1
        }
      ],
      "spaceLength": 10,
      "stack": false,
      "steppedLine": false,
      "targets": [
        {
          "expr": "histogram_quantile(0.5, sum(rate(grpc_io_server_server_latency_bucket{}[1m])) by (grpc_server_method, le))",
          "format": "time_series",
          "intervalFactor": 2,
          "legendFormat": "{{ grpc_server_method }} 0.5",
          "refId": "B"
        },
        {
          "expr": "histogram_quantile(0.9, sum(rate(grpc_io_server_server_latency_bucket{}[1m])) by (grpc_server_method, le))",
          "format": "time_series",
          "intervalFactor": 2,
          "legendFormat": "{{ grpc_server_method }} 0.9",
          "refId": "C"
        },
        {
          "expr": "histogram_quantile(0.99, sum(rate(grpc_io_server_server_latency_bucket{}[1m])) by (grpc_server_method, le))",
          "format": "time_series",
          "intervalFactor": 2,
          "legendFormat": "{{ grpc_server_method }} 0.99",
          "refId": "D"
        }
      ],
      "thresholds": [],
      "timeFrom": null,
      "timeShift": null,
      "title": "Response Durations",
      "tooltip": {
        "shared": true,
        "sort": 0,
        "value_type": "individual"
      },
      "type": "graph",
      "xaxis": {
        "buckets": null,
        "mode": "time",
        "name": null,
        "show": true,
        "values": []
      },
      "yaxes": [
        {
          "format": "ms",
          "label": null,
          "logBase": 1,
          "max": null,
          "min": null,
          "show": true
        },
        {
          "format": "short",
          "label": null,
          "logBase": 1,
          "max": null,
          "min": null,
          "show": false
        }
      ],
      "yaxis": {
        "align": false,
        "alignLevel": null
      }
    },
    {
      "aliasColors": {},
      "bars": false,
      "dashLength": 10,
      "dashes": false,
      "datasource": "Prometheus",
      "fill": 1,
      "gridPos": {
        "h": 6,
        "w": 6,
        "x": 12,
        "y": 21
      },
      "id": 11,
      "legend": {
        "avg": false,
        "current": false,
        "max": false,
        "min": false,
        "show": true,
        "total": false,
        "values": false
      },
      "lines": true,
      "linewidth": 1,
      "links": [],
      "nullPointMode": "null",
      "percentage": false,
      "pointradius": 5,
      "points": false,
      "renderer": "flot",
      "seriesOverrides": [],
      "spaceLength": 10,
      "stack": false,
      "steppedLine": false,
      "targets": [
        {
          "expr": "sum(rate(grpc_server_handled_total{grpc_code=~\"Unknown|Unimplemented|Internal|DataLoss\"}[1m])) by (grpc_method)",
          "format": "time_series",
          "intervalFactor": 2,
          "legendFormat": "Mixer {{ grpc_method }}",
          "refId": "B"
        }
      ],
      "thresholds": [],
      "timeFrom": null,
      "timeShift": null,
      "title": "Server Error Rate (5xx responses)",
      "tooltip": {
        "shared": true,
        "sort": 0,
        "value_type": "individual"
      },
      "type": "graph",
      "xaxis": {
        "buckets": null,
        "mode": "time",
        "name": null,
        "show": true,
        "values": []
      },
      "yaxes": [
        {
          "format": "short",
          "label": null,
          "logBase": 1,
          "max": null,
          "min": null,
          "show": true
        },
        {
          "format": "short",
          "label": null,
          "logBase": 1,
          "max": null,
          "min": null,
          "show": true
        }
      ],
      "yaxis": {
        "align": false,
        "alignLevel": null
      }
    },
    {
      "aliasColors": {},
      "bars": false,
      "dashLength": 10,
      "dashes": false,
      "datasource": "Prometheus",
      "fill": 1,
      "gridPos": {
        "h": 6,
        "w": 6,
        "x": 18,
        "y": 21
      },
      "id": 12,
      "legend": {
        "avg": false,
        "current": false,
        "max": false,
        "min": false,
        "show": true,
        "total": false,
        "values": false
      },
      "lines": true,
      "linewidth": 1,
      "links": [],
      "nullPointMode": "null",
      "percentage": false,
      "pointradius": 5,
      "points": false,
      "renderer": "flot",
      "seriesOverrides": [],
      "spaceLength": 10,
      "stack": false,
      "steppedLine": false,
      "targets": [
        {
          "expr": "sum(irate(grpc_server_handled_total{grpc_code!=\"OK\",grpc_service=~\".*Mixer\"}[1m])) by (grpc_method)",
          "format": "time_series",
          "intervalFactor": 2,
          "legendFormat": "Mixer {{ grpc_method }}",
          "refId": "B"
        }
      ],
      "thresholds": [],
      "timeFrom": null,
      "timeShift": null,
      "title": "Non-successes (4xxs)",
      "tooltip": {
        "shared": true,
        "sort": 0,
        "value_type": "individual"
      },
      "type": "graph",
      "xaxis": {
        "buckets": null,
        "mode": "time",
        "name": null,
        "show": true,
        "values": []
      },
      "yaxes": [
        {
          "format": "short",
          "label": null,
          "logBase": 1,
          "max": null,
          "min": null,
          "show": true
        },
        {
          "format": "short",
          "label": null,
          "logBase": 1,
          "max": null,
          "min": null,
          "show": true
        }
      ],
      "yaxis": {
        "align": false,
        "alignLevel": null
      }
    },
    {
      "content": "<center><h2>Adapters and Config</h2></center>",
      "gridPos": {
        "h": 3,
        "w": 24,
        "x": 0,
        "y": 27
      },
      "id": 28,
      "links": [],
      "mode": "html",
      "title": "",
      "transparent": true,
      "type": "text"
    },
    {
      "aliasColors": {},
      "bars": false,
      "dashLength": 10,
      "dashes": false,
      "datasource": "Prometheus",
      "fill": 1,
      "gridPos": {
        "h": 7,
        "w": 12,
        "x": 0,
        "y": 30
      },
      "id": 13,
      "legend": {
        "avg": false,
        "current": false,
        "max": false,
        "min": false,
        "show": true,
        "total": false,
        "values": false
      },
      "lines": true,
      "linewidth": 1,
      "links": [],
      "nullPointMode": "null",
      "percentage": false,
      "pointradius": 5,
      "points": false,
      "renderer": "flot",
      "seriesOverrides": [],
      "spaceLength": 10,
      "stack": false,
      "steppedLine": false,
      "targets": [
        {
          "expr": "sum(irate(mixer_runtime_dispatches_total{adapter=~\"$adapter\"}[1m])) by (adapter)",
          "format": "time_series",
          "intervalFactor": 2,
          "legendFormat": "{{ adapter }}",
          "refId": "A"
        }
      ],
      "thresholds": [],
      "timeFrom": null,
      "timeShift": null,
      "title": "Adapter Dispatch Count",
      "tooltip": {
        "shared": true,
        "sort": 0,
        "value_type": "individual"
      },
      "type": "graph",
      "xaxis": {
        "buckets": null,
        "mode": "time",
        "name": null,
        "show": true,
        "values": []
      },
      "yaxes": [
        {
          "format": "short",
          "label": null,
          "logBase": 1,
          "max": null,
          "min": null,
          "show": true
        },
        {
          "format": "short",
          "label": null,
          "logBase": 1,
          "max": null,
          "min": null,
          "show": false
        }
      ],
      "yaxis": {
        "align": false,
        "alignLevel": null
      }
    },
    {
      "aliasColors": {},
      "bars": false,
      "dashLength": 10,
      "dashes": false,
      "datasource": "Prometheus",
      "fill": 1,
      "gridPos": {
        "h": 7,
        "w": 12,
        "x": 12,
        "y": 30
      },
      "id": 14,
      "legend": {
        "avg": false,
        "current": false,
        "max": false,
        "min": false,
        "show": true,
        "total": false,
        "values": false
      },
      "lines": true,
      "linewidth": 1,
      "links": [],
      "nullPointMode": "null",
      "percentage": false,
      "pointradius": 5,
      "points": false,
      "renderer": "flot",
      "seriesOverrides": [],
      "spaceLength": 10,
      "stack": false,
      "steppedLine": false,
      "targets": [
        {
          "expr": "histogram_quantile(0.5, sum(irate(mixer_runtime_dispatch_duration_seconds_bucket{adapter=~\"$adapter\"}[1m])) by (adapter, le))",
          "format": "time_series",
          "intervalFactor": 2,
          "legendFormat": "{{ adapter }} - p50",
          "refId": "A"
        },
        {
          "expr": "histogram_quantile(0.9, sum(irate(mixer_runtime_dispatch_duration_seconds_bucket{adapter=~\"$adapter\"}[1m])) by (adapter, le))",
          "format": "time_series",
          "intervalFactor": 2,
          "legendFormat": "{{ adapter }} - p90 ",
          "refId": "B"
        },
        {
          "expr": "histogram_quantile(0.99, sum(irate(mixer_runtime_dispatch_duration_seconds_bucket{adapter=~\"$adapter\"}[1m])) by (adapter, le))",
          "format": "time_series",
          "intervalFactor": 2,
          "legendFormat": "{{ adapter }} - p99",
          "refId": "C"
        }
      ],
      "thresholds": [],
      "timeFrom": null,
      "timeShift": null,
      "title": "Adapter Dispatch Duration",
      "tooltip": {
        "shared": true,
        "sort": 1,
        "value_type": "individual"
      },
      "type": "graph",
      "xaxis": {
        "buckets": null,
        "mode": "time",
        "name": null,
        "show": true,
        "values": []
      },
      "yaxes": [
        {
          "format": "s",
          "label": null,
          "logBase": 1,
          "max": null,
          "min": null,
          "show": true
        },
        {
          "format": "short",
          "label": null,
          "logBase": 1,
          "max": null,
          "min": null,
          "show": false
        }
      ],
      "yaxis": {
        "align": false,
        "alignLevel": null
      }
    },
    {
      "aliasColors": {},
      "bars": false,
      "dashLength": 10,
      "dashes": false,
      "datasource": "Prometheus",
      "fill": 1,
      "gridPos": {
        "h": 7,
        "w": 6,
        "x": 0,
        "y": 37
      },
      "id": 60,
      "legend": {
        "avg": false,
        "current": false,
        "max": false,
        "min": false,
        "show": true,
        "total": false,
        "values": false
      },
      "lines": true,
      "linewidth": 1,
      "links": [],
      "nullPointMode": "null",
      "percentage": false,
      "pointradius": 5,
      "points": false,
      "renderer": "flot",
      "seriesOverrides": [],
      "spaceLength": 10,
      "stack": false,
      "steppedLine": false,
      "targets": [
        {
          "expr": "scalar(topk(1, max(mixer_config_rule_config_count) by (configID)))",
          "format": "time_series",
          "intervalFactor": 1,
          "legendFormat": "Rules",
          "refId": "A"
        },
        {
          "expr": "scalar(topk(1, max(mixer_config_rule_config_error_count) by (configID)))",
          "format": "time_series",
          "intervalFactor": 1,
          "legendFormat": "Config Errors",
          "refId": "B"
        },
        {
          "expr": "scalar(topk(1, max(mixer_config_rule_config_match_error_count) by (configID)))",
          "format": "time_series",
          "intervalFactor": 1,
          "legendFormat": "Match Errors",
          "refId": "C"
        },
        {
          "expr": "scalar(topk(1, max(mixer_config_unsatisfied_action_handler_count) by (configID)))",
          "format": "time_series",
          "intervalFactor": 1,
          "legendFormat": "Unsatisfied Actions",
          "refId": "D"
        }
      ],
      "thresholds": [],
      "timeFrom": null,
      "timeShift": null,
      "title": "Rules",
      "tooltip": {
        "shared": true,
        "sort": 0,
        "value_type": "individual"
      },
      "type": "graph",
      "xaxis": {
        "buckets": null,
        "mode": "time",
        "name": null,
        "show": true,
        "values": []
      },
      "yaxes": [
        {
          "format": "short",
          "label": null,
          "logBase": 1,
          "max": null,
          "min": null,
          "show": true
        },
        {
          "format": "short",
          "label": null,
          "logBase": 1,
          "max": null,
          "min": null,
          "show": true
        }
      ],
      "yaxis": {
        "align": false,
        "alignLevel": null
      }
    },
    {
      "aliasColors": {},
      "bars": false,
      "dashLength": 10,
      "dashes": false,
      "datasource": "Prometheus",
      "fill": 1,
      "gridPos": {
        "h": 7,
        "w": 6,
        "x": 6,
        "y": 37
      },
      "id": 56,
      "legend": {
        "avg": false,
        "current": false,
        "max": false,
        "min": false,
        "show": true,
        "total": false,
        "values": false
      },
      "lines": true,
      "linewidth": 1,
      "links": [],
      "nullPointMode": "null",
      "percentage": false,
      "pointradius": 5,
      "points": false,
      "renderer": "flot",
      "seriesOverrides": [],
      "spaceLength": 10,
      "stack": false,
      "steppedLine": false,
      "targets": [
        {
          "expr": "scalar(topk(1, max(mixer_config_instance_config_count) by (configID)))",
          "format": "time_series",
          "intervalFactor": 1,
          "legendFormat": "Instances",
          "refId": "A"
        }
      ],
      "thresholds": [],
      "timeFrom": null,
      "timeShift": null,
      "title": "Instances in Latest Config",
      "tooltip": {
        "shared": true,
        "sort": 0,
        "value_type": "individual"
      },
      "type": "graph",
      "xaxis": {
        "buckets": null,
        "mode": "time",
        "name": null,
        "show": true,
        "values": []
      },
      "yaxes": [
        {
          "format": "short",
          "label": null,
          "logBase": 1,
          "max": null,
          "min": null,
          "show": true
        },
        {
          "format": "short",
          "label": null,
          "logBase": 1,
          "max": null,
          "min": null,
          "show": true
        }
      ],
      "yaxis": {
        "align": false,
        "alignLevel": null
      }
    },
    {
      "aliasColors": {},
      "bars": false,
      "dashLength": 10,
      "dashes": false,
      "datasource": "Prometheus",
      "fill": 1,
      "gridPos": {
        "h": 7,
        "w": 6,
        "x": 12,
        "y": 37
      },
      "id": 54,
      "legend": {
        "avg": false,
        "current": false,
        "max": false,
        "min": false,
        "show": true,
        "total": false,
        "values": false
      },
      "lines": true,
      "linewidth": 1,
      "links": [],
      "nullPointMode": "null",
      "percentage": false,
      "pointradius": 5,
      "points": false,
      "renderer": "flot",
      "seriesOverrides": [],
      "spaceLength": 10,
      "stack": false,
      "steppedLine": false,
      "targets": [
        {
          "expr": "scalar(topk(1, max(mixer_config_handler_config_count) by (configID)))",
          "format": "time_series",
          "intervalFactor": 1,
          "legendFormat": "Handlers",
          "refId": "A"
        }
      ],
      "thresholds": [],
      "timeFrom": null,
      "timeShift": null,
      "title": "Handlers in Latest Config",
      "tooltip": {
        "shared": true,
        "sort": 0,
        "value_type": "individual"
      },
      "type": "graph",
      "xaxis": {
        "buckets": null,
        "mode": "time",
        "name": null,
        "show": true,
        "values": []
      },
      "yaxes": [
        {
          "format": "short",
          "label": null,
          "logBase": 1,
          "max": null,
          "min": null,
          "show": true
        },
        {
          "format": "short",
          "label": null,
          "logBase": 1,
          "max": null,
          "min": null,
          "show": true
        }
      ],
      "yaxis": {
        "align": false,
        "alignLevel": null
      }
    },
    {
      "aliasColors": {},
      "bars": false,
      "dashLength": 10,
      "dashes": false,
      "datasource": "Prometheus",
      "fill": 1,
      "gridPos": {
        "h": 7,
        "w": 6,
        "x": 18,
        "y": 37
      },
      "id": 58,
      "legend": {
        "avg": false,
        "current": false,
        "max": false,
        "min": false,
        "show": true,
        "total": false,
        "values": false
      },
      "lines": true,
      "linewidth": 1,
      "links": [],
      "nullPointMode": "null",
      "percentage": false,
      "pointradius": 5,
      "points": false,
      "renderer": "flot",
      "seriesOverrides": [],
      "spaceLength": 10,
      "stack": false,
      "steppedLine": false,
      "targets": [
        {
          "expr": "scalar(topk(1, max(mixer_config_attribute_count) by (configID)))",
          "format": "time_series",
          "instant": false,
          "intervalFactor": 1,
          "legendFormat": "Attributes",
          "refId": "A"
        }
      ],
      "thresholds": [],
      "timeFrom": null,
      "timeShift": null,
      "title": "Attributes in Latest Config",
      "tooltip": {
        "shared": true,
        "sort": 0,
        "value_type": "individual"
      },
      "type": "graph",
      "xaxis": {
        "buckets": null,
        "mode": "time",
        "name": null,
        "show": true,
        "values": []
      },
      "yaxes": [
        {
          "format": "short",
          "label": null,
          "logBase": 1,
          "max": null,
          "min": null,
          "show": true
        },
        {
          "format": "short",
          "label": null,
          "logBase": 1,
          "max": null,
          "min": null,
          "show": true
        }
      ],
      "yaxis": {
        "align": false,
        "alignLevel": null
      }
    },
    {
      "content": "<center><h2>Individual Adapters</h2></center>",
      "gridPos": {
        "h": 3,
        "w": 24,
        "x": 0,
        "y": 44
      },
      "id": 23,
      "links": [],
      "mode": "html",
      "title": "",
      "transparent": true,
      "type": "text"
    },
    {
      "collapsed": false,
      "gridPos": {
        "h": 1,
        "w": 24,
        "x": 0,
        "y": 47
      },
      "id": 46,
      "panels": [],
      "repeat": "adapter",
      "title": "$adapter Adapter",
      "type": "row"
    },
    {
      "aliasColors": {},
      "bars": false,
      "dashLength": 10,
      "dashes": false,
      "datasource": "Prometheus",
      "fill": 1,
      "gridPos": {
        "h": 7,
        "w": 12,
        "x": 0,
        "y": 48
      },
      "id": 17,
      "legend": {
        "avg": false,
        "current": false,
        "max": false,
        "min": false,
        "show": true,
        "total": false,
        "values": false
      },
      "lines": true,
      "linewidth": 1,
      "links": [],
      "nullPointMode": "null",
      "percentage": false,
      "pointradius": 5,
      "points": false,
      "renderer": "flot",
      "seriesOverrides": [],
      "spaceLength": 10,
      "stack": false,
      "steppedLine": false,
      "targets": [
        {
          "expr": "label_replace(irate(mixer_runtime_dispatches_total{adapter=~\"$adapter\"}[1m]),\"handler\", \"$1 ($3)\", \"handler\", \"(.*)\\\\.(.*)\\\\.(.*)\")",
          "format": "time_series",
          "intervalFactor": 2,
          "legendFormat": "{{ handler }} (error: {{  error }})",
          "refId": "A"
        }
      ],
      "thresholds": [],
      "timeFrom": null,
      "timeShift": null,
      "title": "Dispatch Count By Handler",
      "tooltip": {
        "shared": true,
        "sort": 0,
        "value_type": "individual"
      },
      "type": "graph",
      "xaxis": {
        "buckets": null,
        "mode": "time",
        "name": null,
        "show": true,
        "values": []
      },
      "yaxes": [
        {
          "format": "short",
          "label": null,
          "logBase": 1,
          "max": null,
          "min": null,
          "show": true
        },
        {
          "format": "short",
          "label": null,
          "logBase": 1,
          "max": null,
          "min": null,
          "show": false
        }
      ],
      "yaxis": {
        "align": false,
        "alignLevel": null
      }
    },
    {
      "aliasColors": {},
      "bars": false,
      "dashLength": 10,
      "dashes": false,
      "datasource": "Prometheus",
      "fill": 1,
      "gridPos": {
        "h": 7,
        "w": 12,
        "x": 12,
        "y": 48
      },
      "id": 18,
      "legend": {
        "avg": false,
        "current": false,
        "max": false,
        "min": false,
        "show": true,
        "total": false,
        "values": false
      },
      "lines": true,
      "linewidth": 1,
      "links": [],
      "nullPointMode": "null",
      "percentage": false,
      "pointradius": 5,
      "points": false,
      "renderer": "flot",
      "seriesOverrides": [],
      "spaceLength": 10,
      "stack": false,
      "steppedLine": false,
      "targets": [
        {
          "expr": "label_replace(histogram_quantile(0.5, sum(rate(mixer_runtime_dispatch_duration_seconds_bucket{adapter=~\"$adapter\"}[1m])) by (handler, error, le)),  \"handler_short\", \"$1 ($3)\", \"handler\", \"(.*)\\\\.(.*)\\\\.(.*)\")",
          "format": "time_series",
          "intervalFactor": 2,
          "legendFormat": "p50 - {{ handler_short }} (error: {{ error }})",
          "refId": "A"
        },
        {
          "expr": "label_replace(histogram_quantile(0.9, sum(irate(mixer_runtime_dispatch_duration_seconds_bucket{adapter=~\"$adapter\"}[1m])) by (handler, error, le)),  \"handler_short\", \"$1 ($3)\", \"handler\", \"(.*)\\\\.(.*)\\\\.(.*)\")",
          "format": "time_series",
          "intervalFactor": 2,
          "legendFormat": "p90 - {{ handler_short }} (error: {{ error }})",
          "refId": "D"
        },
        {
          "expr": "label_replace(histogram_quantile(0.99, sum(irate(mixer_runtime_dispatch_duration_seconds_bucket{adapter=~\"$adapter\"}[1m])) by (handler, error, le)),  \"handler_short\", \"$1 ($3)\", \"handler\", \"(.*)\\\\.(.*)\\\\.(.*)\")",
          "format": "time_series",
          "intervalFactor": 2,
          "legendFormat": "p99 - {{ handler_short }} (error: {{ error }})",
          "refId": "E"
        }
      ],
      "thresholds": [],
      "timeFrom": null,
      "timeShift": null,
      "title": "Dispatch Duration By Handler",
      "tooltip": {
        "shared": true,
        "sort": 0,
        "value_type": "individual"
      },
      "type": "graph",
      "xaxis": {
        "buckets": null,
        "mode": "time",
        "name": null,
        "show": true,
        "values": []
      },
      "yaxes": [
        {
          "format": "s",
          "label": null,
          "logBase": 1,
          "max": null,
          "min": null,
          "show": true
        },
        {
          "format": "short",
          "label": null,
          "logBase": 1,
          "max": null,
          "min": null,
          "show": true
        }
      ],
      "yaxis": {
        "align": false,
        "alignLevel": null
      }
    }
  ],
  "refresh": "5s",
  "schemaVersion": 16,
  "style": "dark",
  "tags": [],
  "templating": {
    "list": [
      {
        "allValue": null,
        "current": {},
        "datasource": "Prometheus",
        "hide": 0,
        "includeAll": true,
        "label": "Adapter",
        "multi": true,
        "name": "adapter",
        "options": [],
        "query": "label_values(adapter)",
        "refresh": 2,
        "regex": "",
        "sort": 1,
        "tagValuesQuery": "",
        "tags": [],
        "tagsQuery": "",
        "type": "query",
        "useTags": false
      }
    ]
  },
  "time": {
    "from": "now-5m",
    "to": "now"
  },
  "timepicker": {
    "refresh_intervals": [
      "5s",
      "10s",
      "30s",
      "1m",
      "5m",
      "15m",
      "30m",
      "1h",
      "2h",
      "1d"
    ],
    "time_options": [
      "5m",
      "15m",
      "1h",
      "6h",
      "12h",
      "24h",
      "2d",
      "7d",
      "30d"
    ]
  },
  "timezone": "",
  "title": "Istio Mixer Dashboard",
  "version": 4
}
